-- MySQL dump 10.13  Distrib 8.0.32, for Win64 (x86_64)
--
-- Host: localhost    Database: subsysbase2
-- ------------------------------------------------------
-- Server version	8.0.32

/*!40101 SET @OLD_CHARACTER_SET_CLIENT=@@CHARACTER_SET_CLIENT */;
/*!40101 SET @OLD_CHARACTER_SET_RESULTS=@@CHARACTER_SET_RESULTS */;
/*!40101 SET @OLD_COLLATION_CONNECTION=@@COLLATION_CONNECTION */;
/*!50503 SET NAMES utf8 */;
/*!40103 SET @OLD_TIME_ZONE=@@TIME_ZONE */;
/*!40103 SET TIME_ZONE='+00:00' */;
/*!40014 SET @OLD_UNIQUE_CHECKS=@@UNIQUE_CHECKS, UNIQUE_CHECKS=0 */;
/*!40014 SET @OLD_FOREIGN_KEY_CHECKS=@@FOREIGN_KEY_CHECKS, FOREIGN_KEY_CHECKS=0 */;
/*!40101 SET @OLD_SQL_MODE=@@SQL_MODE, SQL_MODE='NO_AUTO_VALUE_ON_ZERO' */;
/*!40111 SET @OLD_SQL_NOTES=@@SQL_NOTES, SQL_NOTES=0 */;

--
-- Table structure for table `article`
--

DROP TABLE IF EXISTS `article`;
/*!40101 SET @saved_cs_client     = @@character_set_client */;
/*!50503 SET character_set_client = utf8mb4 */;
CREATE TABLE `article` (
  `idarticle` int NOT NULL AUTO_INCREMENT,
  `name` varchar(45) NOT NULL,
  `price` double NOT NULL,
  `description` varchar(45) NOT NULL,
  `discount` double NOT NULL,
  `category` int NOT NULL,
  PRIMARY KEY (`idarticle`),
  KEY `FK_category_article_idx` (`category`),
  CONSTRAINT `FK_category_article` FOREIGN KEY (`category`) REFERENCES `category` (`idcategory`) ON UPDATE CASCADE
) ENGINE=InnoDB AUTO_INCREMENT=11 DEFAULT CHARSET=utf8mb4 COLLATE=utf8mb4_0900_ai_ci;
/*!40101 SET character_set_client = @saved_cs_client */;

--
-- Dumping data for table `article`
--

LOCK TABLES `article` WRITE;
/*!40000 ALTER TABLE `article` DISABLE KEYS */;
INSERT INTO `article` VALUES (8,'artikal1',100,'opis1',10,4),(9,'artikal2',50,'opis2',0,5),(10,'artikal3',200,'opis3',20,3);
/*!40000 ALTER TABLE `article` ENABLE KEYS */;
UNLOCK TABLES;

--
-- Table structure for table `cart`
--

DROP TABLE IF EXISTS `cart`;
/*!40101 SET @saved_cs_client     = @@character_set_client */;
/*!50503 SET character_set_client = utf8mb4 */;
CREATE TABLE `cart` (
  `idcart` int NOT NULL,
  `price` double NOT NULL,
  PRIMARY KEY (`idcart`),
  CONSTRAINT `FK_idcart_cart` FOREIGN KEY (`idcart`) REFERENCES `user` (`iduser`) ON UPDATE CASCADE
) ENGINE=InnoDB DEFAULT CHARSET=utf8mb4 COLLATE=utf8mb4_0900_ai_ci;
/*!40101 SET character_set_client = @saved_cs_client */;

--
-- Dumping data for table `cart`
--

LOCK TABLES `cart` WRITE;
/*!40000 ALTER TABLE `cart` DISABLE KEYS */;
INSERT INTO `cart` VALUES (5,0),(6,0),(7,0);
/*!40000 ALTER TABLE `cart` ENABLE KEYS */;
UNLOCK TABLES;

--
-- Table structure for table `category`
--

DROP TABLE IF EXISTS `category`;
/*!40101 SET @saved_cs_client     = @@character_set_client */;
/*!50503 SET character_set_client = utf8mb4 */;
CREATE TABLE `category` (
  `idcategory` int NOT NULL AUTO_INCREMENT,
  `name` varchar(45) NOT NULL,
  `subcategory` int DEFAULT NULL,
  PRIMARY KEY (`idcategory`),
  KEY `FK_subcategory_category_idx` (`subcategory`),
  CONSTRAINT `FK_subcategory_category` FOREIGN KEY (`subcategory`) REFERENCES `category` (`idcategory`) ON UPDATE CASCADE
) ENGINE=InnoDB AUTO_INCREMENT=6 DEFAULT CHARSET=utf8mb4 COLLATE=utf8mb4_0900_ai_ci;
/*!40101 SET character_set_client = @saved_cs_client */;

--
-- Dumping data for table `category`
--

LOCK TABLES `category` WRITE;
/*!40000 ALTER TABLE `category` DISABLE KEYS */;
INSERT INTO `category` VALUES (3,'category1',NULL),(4,'category2',NULL),(5,'category3',NULL);
/*!40000 ALTER TABLE `category` ENABLE KEYS */;
UNLOCK TABLES;

--
-- Table structure for table `contains`
--

DROP TABLE IF EXISTS `contains`;
/*!40101 SET @saved_cs_client     = @@character_set_client */;
/*!50503 SET character_set_client = utf8mb4 */;
CREATE TABLE `contains` (
  `idcart` int NOT NULL,
  `idarticle` int NOT NULL,
  `amount` int NOT NULL,
  PRIMARY KEY (`idcart`,`idarticle`),
  KEY `FK_idarticle_contains_idx` (`idarticle`),
  CONSTRAINT `FK_idarticle_contains` FOREIGN KEY (`idarticle`) REFERENCES `article` (`idarticle`) ON UPDATE CASCADE,
  CONSTRAINT `FK_idcart_contains` FOREIGN KEY (`idcart`) REFERENCES `cart` (`idcart`) ON UPDATE CASCADE
) ENGINE=InnoDB DEFAULT CHARSET=utf8mb4 COLLATE=utf8mb4_0900_ai_ci;
/*!40101 SET character_set_client = @saved_cs_client */;

--
-- Dumping data for table `contains`
--

LOCK TABLES `contains` WRITE;
/*!40000 ALTER TABLE `contains` DISABLE KEYS */;
/*!40000 ALTER TABLE `contains` ENABLE KEYS */;
UNLOCK TABLES;

--
-- Table structure for table `review`
--

DROP TABLE IF EXISTS `review`;
/*!40101 SET @saved_cs_client     = @@character_set_client */;
/*!50503 SET character_set_client = utf8mb4 */;
CREATE TABLE `review` (
  `iduser` int NOT NULL,
  `idarticle` int NOT NULL,
  `description` varchar(45) NOT NULL,
  `grade` int NOT NULL,
  PRIMARY KEY (`iduser`,`idarticle`),
  KEY `FK_idarticle_review_idx` (`idarticle`),
  CONSTRAINT `FK_idarticle_review` FOREIGN KEY (`idarticle`) REFERENCES `article` (`idarticle`) ON UPDATE CASCADE,
  CONSTRAINT `FK_iduser_review` FOREIGN KEY (`iduser`) REFERENCES `user` (`iduser`) ON UPDATE CASCADE
) ENGINE=InnoDB DEFAULT CHARSET=utf8mb4 COLLATE=utf8mb4_0900_ai_ci;
/*!40101 SET character_set_client = @saved_cs_client */;

--
-- Dumping data for table `review`
--

LOCK TABLES `review` WRITE;
/*!40000 ALTER TABLE `review` DISABLE KEYS */;
/*!40000 ALTER TABLE `review` ENABLE KEYS */;
UNLOCK TABLES;

--
-- Table structure for table `selling`
--

DROP TABLE IF EXISTS `selling`;
/*!40101 SET @saved_cs_client     = @@character_set_client */;
/*!50503 SET character_set_client = utf8mb4 */;
CREATE TABLE `selling` (
  `iduser` int NOT NULL,
  `idarticle` int NOT NULL,
  PRIMARY KEY (`iduser`,`idarticle`),
  KEY `FK_idarticle_selling_idx` (`idarticle`),
  CONSTRAINT `FK_idarticle_selling` FOREIGN KEY (`idarticle`) REFERENCES `article` (`idarticle`) ON UPDATE CASCADE,
  CONSTRAINT `FK_iduser_selling` FOREIGN KEY (`iduser`) REFERENCES `user` (`iduser`) ON UPDATE CASCADE
) ENGINE=InnoDB DEFAULT CHARSET=utf8mb4 COLLATE=utf8mb4_0900_ai_ci;
/*!40101 SET character_set_client = @saved_cs_client */;

--
-- Dumping data for table `selling`
--

LOCK TABLES `selling` WRITE;
/*!40000 ALTER TABLE `selling` DISABLE KEYS */;
INSERT INTO `selling` VALUES (5,8),(6,8),(5,9);
/*!40000 ALTER TABLE `selling` ENABLE KEYS */;
UNLOCK TABLES;

--
-- Table structure for table `user`
--

DROP TABLE IF EXISTS `user`;
/*!40101 SET @saved_cs_client     = @@character_set_client */;
/*!50503 SET character_set_client = utf8mb4 */;
CREATE TABLE `user` (
  `iduser` int NOT NULL AUTO_INCREMENT,
  `username` varchar(45) NOT NULL,
  `password` varchar(45) NOT NULL,
  `name` varchar(45) NOT NULL,
  `surname` varchar(45) NOT NULL,
  `address` varchar(45) NOT NULL,
  `balance` double NOT NULL,
  PRIMARY KEY (`iduser`),
  UNIQUE KEY `username_UNIQUE` (`username`)
) ENGINE=InnoDB AUTO_INCREMENT=8 DEFAULT CHARSET=utf8mb4 COLLATE=utf8mb4_0900_ai_ci;
/*!40101 SET character_set_client = @saved_cs_client */;

--
-- Dumping data for table `user`
--

LOCK TABLES `user` WRITE;
/*!40000 ALTER TABLE `user` DISABLE KEYS */;
INSERT INTO `user` VALUES (5,'user1','123','ime1','prezime1','adresa1',2000),(6,'user2','123','ime2','prezime2','adresa2',480),(7,'user3','123','ime3','prezime3','adresa3',2470);
/*!40000 ALTER TABLE `user` ENABLE KEYS */;
UNLOCK TABLES;
/*!40103 SET TIME_ZONE=@OLD_TIME_ZONE */;

/*!40101 SET SQL_MODE=@OLD_SQL_MODE */;
/*!40014 SET FOREIGN_KEY_CHECKS=@OLD_FOREIGN_KEY_CHECKS */;
/*!40014 SET UNIQUE_CHECKS=@OLD_UNIQUE_CHECKS */;
/*!40101 SET CHARACTER_SET_CLIENT=@OLD_CHARACTER_SET_CLIENT */;
/*!40101 SET CHARACTER_SET_RESULTS=@OLD_CHARACTER_SET_RESULTS */;
/*!40101 SET COLLATION_CONNECTION=@OLD_COLLATION_CONNECTION */;
/*!40111 SET SQL_NOTES=@OLD_SQL_NOTES */;

-- Dump completed on 2023-02-21 22:42:01
